<?xml version="1.0" encoding="utf-8" ?> 
<Employees>
<Employee>
  <EmployeeId>1</EmployeeId> 
  <EmployeeName>Sam</EmployeeName> 
  <EmailId>Sam@gmail.com</EmailId> 
  <DateOfJoining>12/24/2013</DateOfJoining> 
  </Employee>
<Employee>
  <EmployeeId>2</EmployeeId> 
  <EmployeeName>Lucy</EmployeeName> 
  <EmailId>Lucy@gmailcom</EmailId> 
  <DateOfJoining>12/26/2013</DateOfJoining> 
  </Employee>
<Employee>
  <EmployeeId>3</EmployeeId> 
  <EmployeeName>Kate</EmployeeName>   
  <EmailId>Kate@gmail.com</EmailId> 
  <DateOfJoining>12/27/2013</DateOfJoining> 
  </Employee>
<Employee>
  <EmployeeId>1</EmployeeId> 
  <EmployeeName>Sam</EmployeeName>   
  <EmailId>Sam@gmail.com</EmailId> 
  <DateOfJoining>12/24/2014</DateOfJoining> 
  </Employee>
<Employee>
  <EmployeeId>4</EmployeeId> 
  <EmployeeName>Chris</EmployeeName> 
  <EmailId>Chris@gmail.com</EmailId> 
  <DateOfJoining>12/26/2015</DateOfJoining> 
  </Employee>
<Employee>
  <EmployeeId>5</EmployeeId> 
  <EmployeeName>Harry</EmployeeName> 
  <EmailId>Harry</EmailId> 
  <DateOfJoining>12/27/2014</DateOfJoining> 
 </Employee>
 </Employees>